"0","# I will train the best lasso model and display the coefficients"
"0","best_lasso_model <- glmnet(x_train, y_train, alpha = 1, lambda = best_lambda)"
"0","coef(best_lasso_model)"
"1","8 x 1 sparse Matrix of class ""dgCMatrix""
"
"1","           "
"1","          s0"
"1","
(Intercept)"
"1"," -30773.1884"
"1","
age        "
"1","    264.4005"
"1","
sex        "
"1","      .     "
"1","
bmi        "
"1","    124.1424"
"1","
children   "
"1","    466.5722"
"1","
smoker     "
"1","  23700.8848"
"1","
region     "
"1","   -328.4206"
"1","
bmi_rng    "
"1","   3006.2670"
"1","
"
"0","# The coefficients can be interpreted similarly to how we interpreted those of linear regression"
"0","# An increase in age by 1 unit leads to an increase in charges by 263.17871"
"0","# and so on for the rest"
